"hfpxzc href","qBF1Pd","MW4etd","UY7F9","W4Efsd","W4Efsd 2","W4Efsd 3","W4Efsd 4","W4Efsd 5","W4Efsd 6","EgL07d src","R8c4Qb","W4Efsd 7","W4Efsd 8","W4Efsd 9","lcr4fd href","EgL07d src 2","R8c4Qb 2"
"","","","","","","","","","","","","","","","","",""
"https://www.google.es/maps/place/Wellspring+learning+school/data=!4m7!3m6!1s0x151f1775964ab8c5:0xc2aa7b8b4b32187!8m2!3d33.8645339!4d35.5233493!16s%2Fm%2F0806db6!19sChIJxbhKlnUXHxURhyGztLinKgw?authuser=0&hl=es&rclk=1","Wellspring learning school","3,8","(28)","·","Escuela","·","VG7F+R89","·","+961 1 283 683","https://maps.gstatic.com/consumer/images/icons/2x/ic_directions_gm_blue_24px.png","Cómo llegar","","","","","",""
"https://www.google.es/maps/place/Chafic+Sa3eid+Public+School+for+Boys/data=!4m7!3m6!1s0x151f179fe4041acf:0xeaa79825742c8791!8m2!3d33.8642114!4d35.522367!16s%2Fg%2F11f3bcd5s0!19sChIJzxoE5J8XHxURkYcsdCWYp-o?authuser=0&hl=es&rclk=1","Chafic Sa3eid Public School for Boys","","","·","Escuela","·","VG7C+MWQ","","","https://maps.gstatic.com/consumer/images/icons/2x/ic_directions_gm_blue_24px.png","Cómo llegar","","","","","",""
"https://www.google.es/maps/place/Mar+Mansour+School/data=!4m7!3m6!1s0x151f17bc830431d1:0xec0913e3f3469a9b!8m2!3d33.8891707!4d35.5217449!16s%2Fg%2F11g0kgqlwk!19sChIJ0TEEg7wXHxURm5pG8-MTCew?authuser=0&hl=es&rclk=1","Mar Mansour School","","","·","Escuela","·","VGQC+MM9","","","https://maps.gstatic.com/consumer/images/icons/2x/ic_directions_gm_blue_24px.png","Cómo llegar","","","","","",""
"https://www.google.es/maps/place/Wellspring+Learning+Community+(Mathaf+Campus)/data=!4m7!3m6!1s0x151f17069aaa2d1d:0x51e3b73c903d6e6c!8m2!3d33.8796293!4d35.5171858!16s%2Fg%2F11c5rv3wvd!19sChIJHS2qmgYXHxURbG49kDy341E?authuser=0&hl=es&rclk=1","Wellspring Learning Community (Mathaf Campus)","3,7","(16)","·","Escuela","·","VGH8+VV3","·","+961 1 423 444","https://maps.gstatic.com/consumer/images/icons/2x/ic_directions_gm_blue_24px.png","Cómo llegar","","","","","",""
"https://www.google.es/maps/place/Adduha+High+School/data=!4m7!3m6!1s0x151f176ec072ba3d:0x3690bc867e19f756!8m2!3d33.86406!4d35.5070886!16s%2Fg%2F11f03wrqmq!19sChIJPbpywG4XHxURVvcZfoa8kDY?authuser=0&hl=es&rclk=1","Adduha High School","5,0","(5)","·","Escuela","·","Al-Naamani","·","·","https://maps.gstatic.com/consumer/images/icons/2x/ic_directions_gm_blue_24px.png","Cómo llegar","Cerrado","⋅ Apertura: 7:30 (vie)","+961 1 544 901","","",""
"https://www.google.es/maps/place/Torossian+Armenian+Evangelical+Intermediate+School/data=!4m7!3m6!1s0x151f1639670ece55:0x1852d9218865c566!8m2!3d33.8891459!4d35.5488977!16s%2Fg%2F11hcdvn1xb!19sChIJVc4OZzkWHxURZsVliCHZUhg?authuser=0&hl=es&rclk=1","Torossian Armenian Evangelical Intermediate School","","","·","Escuela","·","VGQX+MH2","·","+961 1 265 521","https://maps.gstatic.com/consumer/images/icons/2x/ic_directions_gm_blue_24px.png","Cómo llegar","","","","","",""
"https://www.google.es/maps/place/Adventist+Secondary+School/data=!4m7!3m6!1s0x151f173ad91bee87:0xc278bdf718e35c6d!8m2!3d33.8841711!4d35.4916894!16s%2Fg%2F11c48fl96j!19sChIJh-4b2ToXHxURbVzjGPe9eMI?authuser=0&hl=es&rclk=1","Adventist Secondary School","4,1","(12)","·","Escuela","·","VFMR+MM8","·","Cerrado","https://www.gstatic.com/images/icons/material/system_gm/2x/public_gm_blue_24dp.png","Sitio web","⋅ Apertura: 12:00 (vie)","·","+961 1 819 742","http://mass.edu.lb/","https://maps.gstatic.com/consumer/images/icons/2x/ic_directions_gm_blue_24px.png","Cómo llegar"
"https://www.google.es/maps/place/School/data=!4m7!3m6!1s0x151f172abb6367ef:0x894b1eabe78f1dd8!8m2!3d33.898142!4d35.4792729!16s%2Fg%2F11c12l6pd_!19sChIJ72djuyoXHxUR2B2P56seS4k?authuser=0&hl=es&rclk=1","School","","","·","Colegio público","·","VFXH+7P2","·","","https://maps.gstatic.com/consumer/images/icons/2x/ic_directions_gm_blue_24px.png","Cómo llegar","Cerrado","⋅ Apertura: 7:30 (vie)","","","",""
"https://www.google.es/maps/place/Greater+Beirut+Evangelical+School/data=!4m7!3m6!1s0x151f16552861905b:0x71c4e16412c5b89f!8m2!3d33.8844289!4d35.524575!16s%2Fg%2F11c2md19nf!19sChIJW5BhKFUWHxURn7jFEmThxHE?authuser=0&hl=es&rclk=1","Greater Beirut Evangelical School","4,6","(12)","·","Escuela","·","VGMF+QRG","·","Abierto","https://www.gstatic.com/images/icons/material/system_gm/2x/public_gm_blue_24dp.png","Sitio web","⋅ Cierra a las 4:00","·","+961 1 423 589","http://www.gbesedu.org/","https://maps.gstatic.com/consumer/images/icons/2x/ic_directions_gm_blue_24px.png","Cómo llegar"
"https://www.google.es/maps/place/Ahliah+School/data=!4m7!3m6!1s0x151f16de659436ed:0xe354845537f19cca!8m2!3d33.8967189!4d35.4979732!16s%2Fm%2F04lhdq8!19sChIJ7TaUZd4WHxURypzxN1WEVOM?authuser=0&hl=es&rclk=1","Ahliah School","4,0","(25)","·","Escuela","·","VFWX+M5Q","·","Cierra pronto","https://www.gstatic.com/images/icons/material/system_gm/2x/public_gm_blue_24dp.png","Sitio web","⋅ 15:30 ⋅ Apertura: 8:00 (vie)","·","+961 1 372 960","https://www.ahliahschool.edu.lb/","https://maps.gstatic.com/consumer/images/icons/2x/ic_directions_gm_blue_24px.png","Cómo llegar"
"https://www.google.es/maps/place/Makassed+Ali+Ben+Abi+Taleb+School/data=!4m7!3m6!1s0x151f1702bebc1d97:0x39276fea7ef617c7!8m2!3d33.8870146!4d35.5121456!16s%2Fg%2F11c56r9p1y!19sChIJlx28vgIXHxURxxf2fupvJzk?authuser=0&hl=es&rclk=1","Makassed Ali Ben Abi Taleb School","3,0","(2)","·","Escuela","·","VGP6+RV2","·","","https://www.gstatic.com/images/icons/material/system_gm/2x/public_gm_blue_24dp.png","Sitio web","","+961 1 325 371","","http://abatc.almakassed.edu.lb/","https://maps.gstatic.com/consumer/images/icons/2x/ic_directions_gm_blue_24px.png","Cómo llegar"
"https://www.google.es/maps/place/Al+Amir+Shakib+Arslan+Primary+School/data=!4m7!3m6!1s0x151f172d84363b6d:0xe651dfaff4625eb!8m2!3d33.8886725!4d35.4817113!16s%2Fg%2F11f15f4rt6!19sChIJbTs2hC0XHxUR6yVG__odZQ4?authuser=0&hl=es&rclk=1","Al Amir Shakib Arslan Primary School","3,0","(8)","·","Escuela de primaria","·","VFQJ+FM8","·","·","https://maps.gstatic.com/consumer/images/icons/2x/ic_directions_gm_blue_24px.png","Cómo llegar","Cerrado","⋅ Apertura: 8:00 (sáb)","+961 1 791 690","","",""
"https://www.google.es/maps/place/Jobran+Andraous+Tweini+Public+School/data=!4m7!3m6!1s0x151f17d9427189f1:0x6055d0d45881fffe!8m2!3d33.8688878!4d35.4919466!16s%2Fg%2F11f6316n_p!19sChIJ8YlxQtkXHxUR_v-BWNTQVWA?authuser=0&hl=es&rclk=1","Jobran Andraous Tweini Public School","4,0","(1)","·","Escuela","·","VF9R+HQ4","","","https://maps.gstatic.com/consumer/images/icons/2x/ic_directions_gm_blue_24px.png","Cómo llegar","","","","","",""
"https://www.google.es/maps/place/Adventist+School+Bouchrieh/data=!4m7!3m6!1s0x151f162f96075ed9:0x797d6de19b3f63f6!8m2!3d33.8814707!4d35.5570391!16s%2Fg%2F1pp2vbx1c!19sChIJ2V4Hli8WHxUR9mM_m-FtfXk?authuser=0&hl=es&rclk=1","Adventist School Bouchrieh","4,6","(18)","·","Colegio privado","·","Ferdous street, Sabtieh","·","Abierto","https://www.gstatic.com/images/icons/material/system_gm/2x/public_gm_blue_24dp.png","Sitio web","⋅ Cierra a las 16:30","·","+961 1 689 089","http://www.bass.edu.lb/","https://maps.gstatic.com/consumer/images/icons/2x/ic_directions_gm_blue_24px.png","Cómo llegar"
"https://www.google.es/maps/place/Rawdah+High+School/data=!4m7!3m6!1s0x151f17601ea34b1d:0xfed842d3cddcb493!8m2!3d33.8530511!4d35.5007977!16s%2Fg%2F11cltqz311!19sChIJHUujHmAXHxURk7TczdNC2P4?authuser=0&hl=es&rclk=1","Rawdah High School","4,2","(30)","·","Instituto de secundaria","·","·","+961 1 450 947","Cerrado","https://www.gstatic.com/images/icons/material/system_gm/2x/public_gm_blue_24dp.png","Sitio web","⋅ Apertura: 6:00 (vie)","","","https://rhs.edu.lb/rhs/","https://maps.gstatic.com/consumer/images/icons/2x/ic_directions_gm_blue_24px.png","Cómo llegar"
"https://www.google.es/maps/place/City+Modern+School/data=!4m7!3m6!1s0x151f1789efe93641:0x4731ffb68100e53f!8m2!3d33.8545517!4d35.4986777!16s%2Fg%2F11j8whmzx0!19sChIJQTbp74kXHxURP-UAgbb_MUc?authuser=0&hl=es&rclk=1","City Modern School","5,0","(1)","·","Escuela","·","Airport Road","·","·","https://maps.gstatic.com/consumer/images/icons/2x/ic_directions_gm_blue_24px.png","Cómo llegar","Cierra pronto","⋅ 15:30 ⋅ Apertura: 7:30 (vie)","+961 1 859 901","","",""
"https://www.google.es/maps/place/Mosaytbeh+Seventh-day+Adventist+School/data=!4m7!3m6!1s0x151f173ad8f73e37:0x58d5aa088959d4a6!8m2!3d33.884194!4d35.4917347!16s%2Fg%2F11c1r20bvt!19sChIJNz732DoXHxURptRZiQiq1Vg?authuser=0&hl=es&rclk=1","Mosaytbeh Seventh-day Adventist School","4,0","(2)","·","Escuela de primaria","·","VFMR+MMH","·","","https://www.gstatic.com/images/icons/material/system_gm/2x/public_gm_blue_24dp.png","Sitio web","","+961 1 819 742","","http://www.mass.edu.lb/","https://maps.gstatic.com/consumer/images/icons/2x/ic_directions_gm_blue_24px.png","Cómo llegar"
"https://www.google.es/maps/place/Cambridge+School/data=!4m7!3m6!1s0x151f17301bdfb65f:0xdfdc8073b663fd7d!8m2!3d33.8958306!4d35.4932075!16s%2Fg%2F11fp8c7043!19sChIJX7bfGzAXHxURff1jtnOA3N8?authuser=0&hl=es&rclk=1","Cambridge School","","","·","Escuela","·","VFWV+87P","","","https://maps.gstatic.com/consumer/images/icons/2x/ic_directions_gm_blue_24px.png","Cómo llegar","","","","","",""
"https://www.google.es/maps/place/Al+Sanabel+School/data=!4m7!3m6!1s0x151f16e05f4f2d6d:0x81e27d5fc440e84b!8m2!3d33.8937913!4d35.5017767!16s%2Fg%2F11dxbsp42m!19sChIJbS1PX-AWHxURS-hAxF994oE?authuser=0&hl=es&rclk=1","Al Sanabel School","3,0","(4)","·","Escuela","·","+961 1 477 437","","","https://maps.gstatic.com/consumer/images/icons/2x/ic_directions_gm_blue_24px.png","Cómo llegar","","","","","",""
"https://www.google.es/maps/place/Shakib+Erslan+School/data=!4m7!3m6!1s0x151f172e143495c9:0xd95bbb1ef95b8a69!8m2!3d33.8887398!4d35.4818454!16s%2Fg%2F11dxc06431!19sChIJyZU0FC4XHxURaYpb-R67W9k?authuser=0&hl=es&rclk=1","Shakib Erslan School","5,0","(2)","·","Escuela","·","VFQJ+FPX","","","https://maps.gstatic.com/consumer/images/icons/2x/ic_directions_gm_blue_24px.png","Cómo llegar","","","","","",""
"https://www.google.es/maps/place/Hariri+High+School+3/data=!4m7!3m6!1s0x151f176993bb3b23:0x26c1a624b2bc7786!8m2!3d33.8660902!4d35.5023221!16s%2Fg%2F11bz_ygfrz!19sChIJIzu7k2kXHxURhne8siSmwSY?authuser=0&hl=es&rclk=1","Hariri High School 3","3,9","(17)","·","Instituto de secundaria","·","Ard Jalloul, Tareek Al Jadeeda","·","Cerrado","https://www.gstatic.com/images/icons/material/system_gm/2x/public_gm_blue_24dp.png","Sitio web","⋅ Apertura: 7:30 (vie)","·","+961 1 855 575","http://www.hariri3.edu.lb/","https://maps.gstatic.com/consumer/images/icons/2x/ic_directions_gm_blue_24px.png","Cómo llegar"
"https://www.google.es/maps/place/Hariri+High+School+2/data=!4m7!3m6!1s0x151f1720b87fcc1f:0x92513f630a617740!8m2!3d33.8912868!4d35.4965254!16s%2Fg%2F11c1nwzmlw!19sChIJH8x_uCAXHxURQHdhCmM_UZI?authuser=0&hl=es&rclk=1","Hariri High School 2","3,9","(19)","·","Escuela","·","VFRW+GJ6","·","Cerrado","https://www.gstatic.com/images/icons/material/system_gm/2x/public_gm_blue_24dp.png","Sitio web","⋅ Apertura: 7:30 (vie)","·","+961 1 373 310","http://www.hhs2.edu.lb/","https://maps.gstatic.com/consumer/images/icons/2x/ic_directions_gm_blue_24px.png","Cómo llegar"
"https://www.google.es/maps/place/Al+Salam+School/data=!4m7!3m6!1s0x151f16464a910625:0xba16dd769571ca97!8m2!3d33.8894585!4d35.5410294!16s%2Fg%2F11f3rx1dck!19sChIJJQaRSkYWHxURl8pxlXbdFro?authuser=0&hl=es&rclk=1","Al Salam School","3,0","(2)","·","Escuela","·","VGQR+QCJ","·","+961 1 267 664","https://maps.gstatic.com/consumer/images/icons/2x/ic_directions_gm_blue_24px.png","Cómo llegar","","","","","",""
"https://www.google.es/maps/place/Maria+school/data=!4m7!3m6!1s0x151f16f9caae7ddd:0x6d04cfdafa47a47b!8m2!3d33.8942619!4d35.5191813!16s%2Fg%2F11f3qyd3r_!19sChIJ3X2uyvkWHxURe6RH-trPBG0?authuser=0&hl=es&rclk=1","Maria school","5,0","(1)","·","Escuela","·","VGV9+PM3","","","https://maps.gstatic.com/consumer/images/icons/2x/ic_directions_gm_blue_24px.png","Cómo llegar","","","","","",""
"https://www.google.es/maps/place/American+Community+School+Beirut/data=!4m7!3m6!1s0x151f112ac43094eb:0x375dd65f5cf6492c!8m2!3d33.9009116!4d35.4760925!16s%2Fm%2F027z_xc!19sChIJ65QwxCoRHxURLEn2XF_WXTc?authuser=0&hl=es&rclk=1","American Community School Beirut","4,0","(59)","·","Escuela","·","·","+961 1 374 370","Cierra pronto","https://www.gstatic.com/images/icons/material/system_gm/2x/public_gm_blue_24dp.png","Sitio web","⋅ 16:00 ⋅ Apertura: 7:30 (vie)","","","http://www.acs.edu.lb/","https://maps.gstatic.com/consumer/images/icons/2x/ic_directions_gm_blue_24px.png","Cómo llegar"
"https://www.google.es/maps/place/Ahmad+School/data=!4m7!3m6!1s0x151f170b8149b61d:0x778cc2652cc092fb!8m2!3d33.8838864!4d35.4973743!16s%2Fg%2F11mtd6gbm6!19sChIJHbZJgQsXHxUR-5LALGXCjHc?authuser=0&hl=es&rclk=1","Ahmad School","","","·","Escuela","·","VFMW+HW5","","","https://maps.gstatic.com/consumer/images/icons/2x/ic_directions_gm_blue_24px.png","Cómo llegar","","","","","",""
"https://www.google.es/maps/place/Besancon+-+School/data=!4m7!3m6!1s0x151f179ac9cfddf5:0x459c7015979982b!8m2!3d33.8528518!4d35.5322227!16s%2Fg%2F1w1416dg!19sChIJ9d3PyZoXHxURK5h5WQHHWQQ?authuser=0&hl=es&rclk=1","Besancon - School","4,3","(12)","·","Colegio privado","·","VG3J+4VX","·","","https://www.gstatic.com/images/icons/material/system_gm/2x/public_gm_blue_24dp.png","Sitio web","","+961 5 467 077","","http://www.besancon.edu.lb/","https://maps.gstatic.com/consumer/images/icons/2x/ic_directions_gm_blue_24px.png","Cómo llegar"
"https://www.google.es/maps/place/Gebran+Ghassan+Tueni+Ashrafieh+first+public+high+school/data=!4m7!3m6!1s0x151f17193ce922bf:0x9925ed374393ce58!8m2!3d33.883655!4d35.517178!16s%2Fg%2F11gycm87j5!19sChIJvyLpPBkXHxURWM6TQzftJZk?authuser=0&hl=es&rclk=1","Gebran Ghassan Tueni Ashrafieh first public high school","5,0","(2)","·","Escuela","·","VGM8+FV7","","","https://maps.gstatic.com/consumer/images/icons/2x/ic_directions_gm_blue_24px.png","Cómo llegar","","","","","",""
"https://www.google.es/maps/place/Azarieh+-+School/data=!4m7!3m6!1s0x151f16ff5933353f:0x4f04401c24a9a038!8m2!3d33.8887674!4d35.5217717!16s%2Fg%2F1td8gb_g!19sChIJPzUzWf8WHxUROKCpJBxABE8?authuser=0&hl=es&rclk=1","Azarieh - School","4,8","(6)","·","Escuela","·","VGQC+GP2","·","·","https://maps.gstatic.com/consumer/images/icons/2x/ic_directions_gm_blue_24px.png","Cómo llegar","Abierto","⋅ Cierra a las 21:00","+961 1 201 814","","",""
"https://www.google.es/maps/place/Riad+El+Solh+Official+School/data=!4m7!3m6!1s0x151f17197a9c62e1:0xe7c756acb3738e62!8m2!3d33.8835663!4d35.5049097!16s%2Fg%2F11cs2vzt99!19sChIJ4WKcehkXHxURYo5zs6xWx-c?authuser=0&hl=es&rclk=1","Riad El Solh Official School","5,0","(2)","·","Escuela","·","VGM3+CXF","·","·","https://maps.gstatic.com/consumer/images/icons/2x/ic_directions_gm_blue_24px.png","Cómo llegar","Cerrado","⋅ Apertura: 8:00 (sáb)","+961 1 632 008","","",""
"https://www.google.es/maps/place/Al+Kuwait+Public+School-+Haret+Hraik/data=!4m7!3m6!1s0x151f1779ad8e5625:0x361f100a8a1040e4!8m2!3d33.8545924!4d35.5190375!16s%2Fg%2F11c476373k!19sChIJJVaOrXkXHxUR5EAQigoQHzY?authuser=0&hl=es&rclk=1","Al Kuwait Public School- Haret Hraik","4,5","(6)","·","Escuela","·","VG39+RJM","","","https://maps.gstatic.com/consumer/images/icons/2x/ic_directions_gm_blue_24px.png","Cómo llegar","","","","","",""
"https://www.google.es/maps/place/Future+Public+School/data=!4m7!3m6!1s0x151f171f9d4d79f5:0x3c27b09c15174ac9!8m2!3d33.8893366!4d35.5007938!16s%2Fg%2F11cs1sh0pb!19sChIJ9XlNnR8XHxURyUoXFZywJzw?authuser=0&hl=es&rclk=1","Future Public School","2,8","(5)","·","Colegio público","·","VGQ2+P8M","·","+961 1 657 811","https://maps.gstatic.com/consumer/images/icons/2x/ic_directions_gm_blue_24px.png","Cómo llegar","","","","","",""
"https://www.google.es/maps/place/Armenian+Evangelical+Central+High+School-+Ashrafieh/data=!4m7!3m6!1s0x151f1659604d9853:0xefc6720d171935db!8m2!3d33.8963647!4d35.5278349!16zL20vMGM1bjdn!19sChIJU5hNYFkWHxUR2zUZFw1yxu8?authuser=0&hl=es&rclk=1","Armenian Evangelical Central High School- Ashrafieh","5,0","(1)","·","Escuela","·","VGWH+G4W","·","","https://www.gstatic.com/images/icons/material/system_gm/2x/public_gm_blue_24dp.png","Sitio web","","+961 1 442 594","","http://www.aechs.com/","https://maps.gstatic.com/consumer/images/icons/2x/ic_directions_gm_blue_24px.png","Cómo llegar"
"https://www.google.es/maps/place/Eastwood+International+School+Beirut/data=!4m7!3m6!1s0x151f17d9ad7ec6bf:0xe3fd9932ab7da573!8m2!3d33.859362!4d35.5632947!16s%2Fg%2F11xm35g2s!19sChIJv8Z-rdkXHxURc6V9qzKZ_eM?authuser=0&hl=es&rclk=1","Eastwood International School Beirut","4,9","(142)","·","Escuela","·","Sami Solh Street Mansourieh el Metn","·","Cierra pronto","https://www.gstatic.com/images/icons/material/system_gm/2x/public_gm_blue_24dp.png","Sitio web","⋅ 16:00 ⋅ Apertura: 7:30 (vie)","·","+961 4 409 307","https://eastwoodis.com/","https://maps.gstatic.com/consumer/images/icons/2x/ic_directions_gm_blue_24px.png","Cómo llegar"
"https://www.google.es/maps/place/Beirut+Baptist+School/data=!4m7!3m6!1s0x151f1723517b5e8f:0xf93e4cb98c751632!8m2!3d33.8839476!4d35.4953463!16zL20vMDdzcDVi!19sChIJj157USMXHxURMhZ1jLlMPvk?authuser=0&hl=es&rclk=1","Beirut Baptist School","4,1","(56)","·","Escuela","·","Photo Walid، Maalouf Street, Msaytbeh facing","·","Cierra pronto","https://www.gstatic.com/images/icons/material/system_gm/2x/public_gm_blue_24dp.png","Sitio web","⋅ 15:30 ⋅ Apertura: 7:30 (vie)","·","+961 1 818 474","http://www.bbs.edu.lb/","https://maps.gstatic.com/consumer/images/icons/2x/ic_directions_gm_blue_24px.png","Cómo llegar"
"https://www.google.es/maps/place/International+College/data=!4m7!3m6!1s0x151f3f2620d97ac3:0x77daa6e57d8df6c0!8m2!3d33.8996413!4d35.4776053!16s%2Fm%2F02q9_6f!19sChIJw3rZICY_HxURwPaNfeWm2nc?authuser=0&hl=es&rclk=1","International College","4,0","(57)","·","Colegio privado","·","VFXH+V25","·","Cierra pronto","https://www.gstatic.com/images/icons/material/system_gm/2x/public_gm_blue_24dp.png","Sitio web","⋅ 15:15 ⋅ Apertura: 8:30 (vie)","·","+961 1 374 980","http://www.ic.edu.lb/","https://maps.gstatic.com/consumer/images/icons/2x/ic_directions_gm_blue_24px.png","Cómo llegar"
"https://www.google.es/maps/place/Tekeyan+Intermediate+school/data=!4m7!3m6!1s0x151f16417de67703:0x51eb0e8b897a481f!8m2!3d33.8959863!4d35.5385724!16s%2Fg%2F11dztrjly0!19sChIJA3fmfUEWHxURH0h6iYsO61E?authuser=0&hl=es&rclk=1","Tekeyan Intermediate school","4,5","(2)","·","Escuela","·","VGWQ+9CW","·","","https://www.gstatic.com/images/icons/material/system_gm/2x/public_gm_blue_24dp.png","Sitio web","","+961 1 260 525","","http://www.vahantekeyan.com/","https://maps.gstatic.com/consumer/images/icons/2x/ic_directions_gm_blue_24px.png","Cómo llegar"
"https://www.google.es/maps/place/st+joseph+maronite+school/data=!4m7!3m6!1s0x151f17bbc1269d39:0x84186b04cd036673!8m2!3d33.891921!4d35.5434463!16s%2Fg%2F11h1rmt300!19sChIJOZ0mwbsXHxURc2YDzQRrGIQ?authuser=0&hl=es&rclk=1","st joseph maronite school","","","·","Centro escolar","·","VGRV+Q98","","","https://maps.gstatic.com/consumer/images/icons/2x/ic_directions_gm_blue_24px.png","Cómo llegar","","","","","",""
"https://www.google.es/maps/place/Sheyah+St+Mary+School/data=!4m7!3m6!1s0x151f1773866529b1:0x30819b2be197f309!8m2!3d33.8642296!4d35.5162704!16s%2Fg%2F11fzd36102!19sChIJsSllhnMXHxURCfOX4SubgTA?authuser=0&hl=es&rclk=1","Sheyah St Mary School","5,0","(1)","·","Escuela","·","VG78+MGR","·","+961 3 826 046","https://maps.gstatic.com/consumer/images/icons/2x/ic_directions_gm_blue_24px.png","Cómo llegar","","","","","",""
"https://www.google.es/maps/place/Hawd+Al+Wilaya+Highschool+-+%D8%AB%D8%A7%D9%86%D9%88%D9%8A%D8%A9+%D8%AD%D9%88%D8%B6+%D8%A7%D9%84%D9%88%D9%84%D8%A7%D9%8A%D8%A9%E2%80%AD/data=!4m7!3m6!1s0x151f1721dfa71413:0xb0422116727ee761!8m2!3d33.8884905!4d35.4999865!16s%2Fg%2F11c1p1j2x3!19sChIJExSn3yEXHxURYed-chYhQrA?authuser=0&hl=es&rclk=1","Hawd Al Wilaya Highschool - ثانوية حوض الولاية","4,0","(4)","·","Instituto de secundaria","·","VFQX+9XX","","","https://maps.gstatic.com/consumer/images/icons/2x/ic_directions_gm_blue_24px.png","Cómo llegar","","","","","",""
"https://www.google.es/maps/place/Omar+Fakhoury+Official+School/data=!4m7!3m6!1s0x151f17063a52b595:0x722308c0b2d361a6!8m2!3d33.8688483!4d35.492128!16s%2Fg%2F11jjv_0x1b!19sChIJlbVSOgYXHxURpmHTssAII3I?authuser=0&hl=es&rclk=1","Omar Fakhoury Official School","","","·","Escuela","·","VF9R+GVJ","·","+961 1 823 441","https://maps.gstatic.com/consumer/images/icons/2x/ic_directions_gm_blue_24px.png","Cómo llegar","","","","","",""
"https://www.google.es/maps/place/Shamelian-Tatigian+High+school/data=!4m7!3m6!1s0x151f16443505b23d:0x51a4c70d163a103e!8m2!3d33.891991!4d35.5371872!16s%2Fg%2F1vzxh567!19sChIJPbIFNUQWHxURPhA6Fg3HpFE?authuser=0&hl=es&rclk=1","Shamelian-Tatigian High school","4,6","(10)","·","Instituto de secundaria","","","","","https://maps.gstatic.com/consumer/images/icons/2x/ic_directions_gm_blue_24px.png","Cómo llegar","","","","","",""
"https://www.google.es/maps/place/Haifa+school+unrwa/data=!4m7!3m6!1s0x151f175e612e1137:0xd6e7f9484d71c559!8m2!3d33.857591!4d35.4976788!16s%2Fg%2F11g70wydf4!19sChIJNxEuYV4XHxURWcVxTUj559Y?authuser=0&hl=es&rclk=1","Haifa school unrwa","5,0","(1)","·","Escuela","·","VF5X+23M","·","+961 1 857 332","https://maps.gstatic.com/consumer/images/icons/2x/ic_directions_gm_blue_24px.png","Cómo llegar","","","","","",""
"https://www.google.es/maps/place/Lemonts+Montessori+Preschool/data=!4m7!3m6!1s0x151f16e37c048895:0x802cde9b9005d41d!8m2!3d33.8937309!4d35.5086802!16s%2Fg%2F11c0pztk2m!19sChIJlYgEfOMWHxURHdQFkJveLIA?authuser=0&hl=es&rclk=1","Lemonts Montessori Preschool","5,0","(4)","·","Guardería","·","·","+961 1 971 490","Cerrado","https://www.gstatic.com/images/icons/material/system_gm/2x/public_gm_blue_24dp.png","Sitio web","⋅ Apertura: 8:00 (vie)","","","http://www.lemontspreschool.com/","https://maps.gstatic.com/consumer/images/icons/2x/ic_directions_gm_blue_24px.png","Cómo llegar"
"https://www.google.es/maps/place/Dr.+Sobhi+Saleh+Public+School/data=!4m7!3m6!1s0x151f1744f7e350cb:0xb3091a7ca6a47245!8m2!3d33.867628!4d35.49261!16s%2Fg%2F11g8cwbz9z!19sChIJy1Dj90QXHxURRXKkpnwaCbM?authuser=0&hl=es&rclk=1","Dr. Sobhi Saleh Public School","5,0","(1)","·","Escuela","·","VF9V+325","·","+961 1 833 793","https://maps.gstatic.com/consumer/images/icons/2x/ic_directions_gm_blue_24px.png","Cómo llegar","","","","","",""
"https://www.google.es/maps/place/Green+lebanon+school/data=!4m7!3m6!1s0x151f173e1499d843:0x407cadf45f3c5cab!8m2!3d33.891026!4d35.4995162!16s%2Fg%2F11fj7xc0sx!19sChIJQ9iZFD4XHxURq1w8X_StfEA?authuser=0&hl=es&rclk=1","Green lebanon school","3,7","(3)","·","Escuela","·","Zokak Al Bilat, Hamade Street, Near Arab Institute Est Beirut","·","Cerrado","https://www.gstatic.com/images/icons/material/system_gm/2x/public_gm_blue_24dp.png","Sitio web","⋅ Apertura: 8:00 (vie)","·","+961 1 377 148","https://facebook.com/Green.Lebanon.School.GL","https://maps.gstatic.com/consumer/images/icons/2x/ic_directions_gm_blue_24px.png","Cómo llegar"
"https://www.google.es/maps/place/Lyc%C3%A9e+National+Schools/data=!4m7!3m6!1s0x151f1745f8a7ffe9:0xf64bd86538cd7f8b!8m2!3d33.8705215!4d35.4887046!16s%2Fg%2F1td8gnp3!19sChIJ6f-n-EUXHxURi3_NOGXYS_Y?authuser=0&hl=es&rclk=1","Lycée National Schools","3,7","(21)","·","Colegio privado","·","VFCQ+6F4 Sersok St","·","","https://www.gstatic.com/images/icons/material/system_gm/2x/public_gm_blue_24dp.png","Sitio web","","+961 1 822 909","","http://www.le-lycee-national.edu.lb/","https://maps.gstatic.com/consumer/images/icons/2x/ic_directions_gm_blue_24px.png","Cómo llegar"
"https://www.google.es/maps/place/Saint+Mary's+Orthodox+College+(SMOC)/data=!4m7!3m6!1s0x151f1776d843ebc7:0x32aa8877de355df5!8m2!3d33.8835372!4d35.4982223!16s%2Fg%2F11fnb_cj4k!19sChIJx-tD2HYXHxUR9V013neIqjI?authuser=0&hl=es&rclk=1","Saint Mary's Orthodox College (SMOC)","5,0","(2)","·","Escuela","·","VFMX+C79","·","·","https://maps.gstatic.com/consumer/images/icons/2x/ic_directions_gm_blue_24px.png","Cómo llegar","Cierra pronto","⋅ 16:00 ⋅ Apertura: 7:30 (vie)","+961 1 744 414","","",""
"https://www.google.es/maps/place/Coll%C3%A8ge+de+la+Sagesse/data=!4m7!3m6!1s0x151f16f87c1d5ed5:0x998c1a7527bd8de9!8m2!3d33.8924195!4d35.5216584!16s%2Fg%2F11bw530tc4!19sChIJ1V4dfPgWHxUR6Y29J3UajJk?authuser=0&hl=es&rclk=1","Collège de la Sagesse","3,7","(12)","·","Escuela católica","·","VGRC+XM7","·","Abierto","https://www.gstatic.com/images/icons/material/system_gm/2x/public_gm_blue_24dp.png","Sitio web","⋅ Cierra a las 17:00","·","+961 1 561 990","http://www.sagessesja.edu.lb/","https://maps.gstatic.com/consumer/images/icons/2x/ic_directions_gm_blue_24px.png","Cómo llegar"
"https://www.google.es/maps/place/%D8%AB%D8%A7%D9%86%D9%88%D9%8A%D8%A9+%D8%A7%D9%84%D9%85%D8%B5%D8%B7%D9%81%D9%89+(%D8%B5)%E2%80%AD/data=!4m7!3m6!1s0x151f1766a2abc187:0x30cc52d2c8dcab27!8m2!3d33.8574494!4d35.5049763!16s%2Fg%2F11c5r4t0_p!19sChIJh8GromYXHxURJ6vcyNJSzDA?authuser=0&hl=es&rclk=1","ثانوية المصطفى (ص)","3,9","(21)","·","Escuela","·","VG43+XXH","·","+961 1 837 106","https://maps.gstatic.com/consumer/images/icons/2x/ic_directions_gm_blue_24px.png","Cómo llegar","","","","","",""
"https://www.google.es/maps/place/La+Fontaine+School/data=!4m7!3m6!1s0x151f17180d981e9b:0x466bd1a2bc05f985!8m2!3d33.883041!4d35.500703!16s%2Fg%2F11c6vtx5c1!19sChIJmx6YDRgXHxURhfkFvKLRa0Y?authuser=0&hl=es&rclk=1","La Fontaine School","1,7","(3)","·","Escuela","·","VGM2+678","·","+961 1 314 199","https://maps.gstatic.com/consumer/images/icons/2x/ic_directions_gm_blue_24px.png","Cómo llegar","","","","","",""
"https://www.google.es/maps/place/Hassan+Kamel+Al-Sabbah+School/data=!4m7!3m6!1s0x151f17b24c55dc03:0xf5f458cd328e73c3!8m2!3d33.8565474!4d35.5091754!16s%2Fg%2F11g2w62ncv!19sChIJA9xVTLIXHxURw3OOMs1Y9PU?authuser=0&hl=es&rclk=1","Hassan Kamel Al-Sabbah School","3,8","(6)","·","Institución educativa","·","Hussein Mostafa Kassem","·","·","https://maps.gstatic.com/consumer/images/icons/2x/ic_directions_gm_blue_24px.png","Cómo llegar","Cerrado","⋅ Apertura: 8:00 (vie)","+961 1 550 680","","",""
"https://www.google.es/maps/place/Zahia+Salman+High+School/data=!4m7!3m6!1s0x151f17445c21feb1:0xa0d4257e33f56224!8m2!3d33.8678111!4d35.492907!16s%2Fg%2F11c20f7vl9!19sChIJsf4hXEQXHxURJGL1M34l1KA?authuser=0&hl=es&rclk=1","Zahia Salman High School","3,5","(4)","·","Instituto de secundaria","·","VF9V+45F","·","·","https://maps.gstatic.com/consumer/images/icons/2x/ic_directions_gm_blue_24px.png","Cómo llegar","Cerrado","⋅ Apertura: 7:00 (sáb)","+961 1 820 622","","",""
"https://www.google.es/maps/place/school+btentek/data=!4m7!3m6!1s0x151f17a2d71b3dfd:0x3f8cdc63b1c88363!8m2!3d33.8887481!4d35.4817836!16s%2Fg%2F11llgbft9n!19sChIJ_T0b16IXHxURY4PIsWPcjD8?authuser=0&hl=es&rclk=1","school btentek","5,0","(1)","·","Escuela","·","VFQJ+FPV, Verdun","·","+961 81 915 089","https://maps.gstatic.com/consumer/images/icons/2x/ic_directions_gm_blue_24px.png","Cómo llegar","","","","","",""
"https://www.google.es/maps/place/COLL%C3%88GE+NOTRE+DAME+DES+FR%C3%88RES/data=!4m7!3m6!1s0x151f170be1a87f41:0x2bacc99c23e2ec39!8m2!3d33.8713467!4d35.5176699!16s%2Fg%2F11c51wzny8!19sChIJQX-o4QsXHxUROeziI5zJrCs?authuser=0&hl=es&rclk=1","COLLÈGE NOTRE DAME DES FRÈRES","4,8","(22)","·","Escuela","·","VGC9+G3M","·","","https://www.gstatic.com/images/icons/material/system_gm/2x/public_gm_blue_24dp.png","Sitio web","","+961 1 380 490","","http://cnd-freres.com/","https://maps.gstatic.com/consumer/images/icons/2x/ic_directions_gm_blue_24px.png","Cómo llegar"
"https://www.google.es/maps/place/Ras+Beirut+International+School/data=!4m7!3m6!1s0x151f175fd859ec09:0x8b7a5afe5cacec6!8m2!3d33.8547134!4d35.5001792!16s%2Fg%2F11c51j2k9w!19sChIJCexZ2F8XHxURxs7K5a-ltwg?authuser=0&hl=es&rclk=1","Ras Beirut International School","5,0","(16)","·","Escuela","·","Al Mustakbal Airport Avenue","·","·","https://maps.gstatic.com/consumer/images/icons/2x/ic_directions_gm_blue_24px.png","Cómo llegar","Cerrado","⋅ Apertura: 7:00 (vie)","+961 1 848 480","","",""
"https://www.google.es/maps/place/Beirut+Modern+School+-+B.M.S/data=!4m7!3m6!1s0x151f19e6b10f6389:0xc9d72806b4abc99c!8m2!3d33.8491959!4d35.4953027!16s%2Fg%2F1thnf7pj!19sChIJiWMPseYZHxURnMmrtAYo18k?authuser=0&hl=es&rclk=1","Beirut Modern School - B.M.S","4,4","(18)","·","Escuela","·","RFXW+M4F","·","","https://www.gstatic.com/images/icons/material/system_gm/2x/public_gm_blue_24dp.png","Sitio web","","+961 1 451 241","","http://bms95.edu.lb/","https://maps.gstatic.com/consumer/images/icons/2x/ic_directions_gm_blue_24px.png","Cómo llegar"
"https://www.google.es/maps/place/Mesrobian+High+School+and+Technical+College/data=!4m7!3m6!1s0x151f16467749aaf7:0x789ec580eb55f89f!8m2!3d33.890711!4d35.538734!16s%2Fg%2F11byyqghwh!19sChIJ96pJd0YWHxURn_hV64DFnng?authuser=0&hl=es&rclk=1","Mesrobian High School and Technical College","5,0","(6)","·","Institución educativa","·","Bourj Hammoud Arax street Beirut, Lebanon","·","Abierto","https://www.gstatic.com/images/icons/material/system_gm/2x/public_gm_blue_24dp.png","Sitio web","⋅ Cierra a las 19:00","·","+961 1 260 504","http://www.mesrobian.com/","https://maps.gstatic.com/consumer/images/icons/2x/ic_directions_gm_blue_24px.png","Cómo llegar"
"https://www.google.es/maps/place/Cedars+high+school/data=!4m7!3m6!1s0x151f1629ef8809d5:0xe2bdfcb43fc1e168!8m2!3d33.8764441!4d35.5648528!16s%2Fg%2F11c482cw4m!19sChIJ1QmI7ykWHxURaOHBP7T8veI?authuser=0&hl=es&rclk=1","Cedars high school","4,6","(14)","·","Escuela","·","Cedars high school","·","Cerrado","https://www.gstatic.com/images/icons/material/system_gm/2x/public_gm_blue_24dp.png","Sitio web","⋅ Apertura: 7:00 (vie)","·","+961 1 689 003","http://www.cedars.edu.lb/","https://maps.gstatic.com/consumer/images/icons/2x/ic_directions_gm_blue_24px.png","Cómo llegar"
"https://www.google.es/maps/place/EBN+ROCHOD+SCHOOL/data=!4m7!3m6!1s0x151f17ab96c221a9:0x178c11efdca2e2b3!8m2!3d33.884523!4d35.50811!16s%2Fg%2F11fvwld4r4!19sChIJqSHClqsXHxURs-Ki3O8RjBc?authuser=0&hl=es&rclk=1","EBN ROCHOD SCHOOL","","","·","Escuela","·","VGM5+R65","·","·","https://maps.gstatic.com/consumer/images/icons/2x/ic_directions_gm_blue_24px.png","Cómo llegar","Abierto","⋅ Cierra a las 19:00","+961 1 662 211","","",""
"https://www.google.es/maps/place/The+Technical+School+for+Tourism+Sciences+and+Al-Dharwana/data=!4m7!3m6!1s0x151f1754a8ffd2a7:0xbea5bb64d45b7daf!8m2!3d33.8799473!4d35.5430064!16s%2Fg%2F11hdpk1yfr!19sChIJp9L_qFQXHxURr31b1GS7pb4?authuser=0&hl=es&rclk=1","The Technical School for Tourism Sciences and Al-Dharwana","","","·","Escuela","·","VGHV+X6C","","","https://maps.gstatic.com/consumer/images/icons/2x/ic_directions_gm_blue_24px.png","Cómo llegar","","","","","",""
"https://www.google.es/maps/place/Public+school+dani/data=!4m7!3m6!1s0x151f178a5df50549:0xd04a7ebd95ac0d49!8m2!3d33.8514059!4d35.52458!16s%2Fg%2F11q_18m64w!19sChIJSQX1XYoXHxURSQ2slb1-StA?authuser=0&hl=es&rclk=1","Public school dani","","","·","Escuela","·","VG2F+HR8","","","https://maps.gstatic.com/consumer/images/icons/2x/ic_directions_gm_blue_24px.png","Cómo llegar","","","","","",""
"https://www.google.es/maps/place/Lebanese+Music+School+-+Sioufi/data=!4m7!3m6!1s0x151f1654b663d56f:0x515257d18c8aa538!8m2!3d33.883682!4d35.526267!16s%2Fg%2F11hbfkd5zm!19sChIJb9VjtlQWHxUROKWKjNFXUlE?authuser=0&hl=es&rclk=1","Lebanese Music School - Sioufi","4,8","(19)","·","Escuela de música","·","Amine Gemayel Street","·","Abierto","https://www.gstatic.com/images/icons/material/system_gm/2x/public_gm_blue_24dp.png","Sitio web","⋅ Cierra a las 19:30","·","+961 1 616 828","http://www.lebanesemusicschool.com/","https://maps.gstatic.com/consumer/images/icons/2x/ic_directions_gm_blue_24px.png","Cómo llegar"
"https://www.google.es/maps/place/LWIS+City+International+School/data=!4m7!3m6!1s0x151f16dfcf4910dd:0x7b61183a3bbc3043!8m2!3d33.8942557!4d35.4974119!16s%2Fg%2F11cnm6cf_8!19sChIJ3RBJz98WHxURQzC8OzoYYXs?authuser=0&hl=es&rclk=1","LWIS City International School","4,0","(29)","·","Escuela","·","Zokak Al Blat Hussein Beyhum street near german research college university","·","Cerrado","https://www.gstatic.com/images/icons/material/system_gm/2x/public_gm_blue_24dp.png","Sitio web","⋅ Apertura: 8:00 (vie)","·","+961 1 369 500","http://www.lwis-cis.edu.lb/","https://maps.gstatic.com/consumer/images/icons/2x/ic_directions_gm_blue_24px.png","Cómo llegar"
"https://www.google.es/maps/place/S-miles+-+Special+Miles/data=!4m7!3m6!1s0x151f162f95265707:0x48aeeb87b6cc517e!8m2!3d33.8819612!4d35.5562143!16s%2Fg%2F11c2k3j623!19sChIJB1cmlS8WHxURflHMtofrrkg?authuser=0&hl=es&rclk=1","S-miles - Special Miles","5,0","(10)","·","Centro de educación especial","·","Hannouche 990 Building, 3rd Floor, Sabtiyeh roundabout, Bauchrieh, Facing Bachir Ice Cream, Shop in the building: Megapixel - Beirut","·","Abierto","https://www.gstatic.com/images/icons/material/system_gm/2x/public_gm_blue_24dp.png","Sitio web","⋅ Cierra a las 19:00","·","+961 71 747 454","http://www.specialmiles.org/","https://maps.gstatic.com/consumer/images/icons/2x/ic_directions_gm_blue_24px.png","Cómo llegar"
"https://www.google.es/maps/place/Ecole+des+Trois+Docteurs/data=!4m7!3m6!1s0x151f16f9ce479a05:0x61765820c0237a24!8m2!3d33.8948491!4d35.5188015!16s%2Fg%2F11c0rh2pf0!19sChIJBZpHzvkWHxURJHojwCBYdmE?authuser=0&hl=es&rclk=1","Ecole des Trois Docteurs","4,5","(10)","·","Escuela","·","VGV9+WGM","·","Cierra pronto","https://www.gstatic.com/images/icons/material/system_gm/2x/public_gm_blue_24dp.png","Sitio web","⋅ 16:00 ⋅ Apertura: 8:00 (vie)","·","+961 1 447 248","http://www.troisdocteurs.edu.lb/","https://maps.gstatic.com/consumer/images/icons/2x/ic_directions_gm_blue_24px.png","Cómo llegar"
"https://www.google.es/maps/place/Modern+Community+School/data=!4m7!3m6!1s0x151f177525b02dc5:0xbb1490fab1567efe!8m2!3d33.8650446!4d35.5191857!16s%2Fg%2F1th45vfh!19sChIJxS2wJXUXHxUR_n5WsfqQFLs?authuser=0&hl=es&rclk=1","Modern Community School","4,2","(17)","·","Educación","·","VG89+2M7","·","Cerrado","https://www.gstatic.com/images/icons/material/system_gm/2x/public_gm_blue_24dp.png","Sitio web","⋅ Apertura: 7:30 (vie)","·","+961 1 383 001","http://www.moderncommunityschool.com/","https://maps.gstatic.com/consumer/images/icons/2x/ic_directions_gm_blue_24px.png","Cómo llegar"
"https://www.google.es/maps/place/Jaber+Ahmad+Al+Sabah+School/data=!4m7!3m6!1s0x151f10d46b4da377:0xe4ba73a78f0c5062!8m2!3d33.8964696!4d35.4738028!16s%2Fg%2F11hbv7vhgt!19sChIJd6NNa9QQHxURYlAMj6dzuuQ?authuser=0&hl=es&rclk=1","Jaber Ahmad Al Sabah School","5,0","(4)","·","Escuela","·","VFWF+HGM","·","·","https://maps.gstatic.com/consumer/images/icons/2x/ic_directions_gm_blue_24px.png","Cómo llegar","Abierto","⋅ Cierra a las 17:00","+961 1 347 591","","",""
"https://www.google.es/maps/place/AHS+(American+High+School)/data=!4m7!3m6!1s0x151f3d3a40cdead1:0xb65f7148a4c57bec!8m2!3d33.890882!4d35.567014!16s%2Fg%2F11fj4c021q!19sChIJ0erNQDo9HxUR7HvFpEhxX7Y?authuser=0&hl=es&rclk=1","AHS (American High School)","5,0","(3)","·","Escuela","·","street 23","·","","https://maps.gstatic.com/consumer/images/icons/2x/ic_directions_gm_blue_24px.png","Cómo llegar","Abierto","⋅ Cierra a las 17:00","","","",""
"https://www.google.es/maps/place/Coll%C3%A8ge+Protestant+Fran%C3%A7ais/data=!4m7!3m6!1s0x151f10d2c2a3313b:0xec2ff422c8077d92!8m2!3d33.8916442!4d35.4768642!16s%2Fg%2F11b90n82_q!19sChIJOzGjwtIQHxURkn0HyCL0L-w?authuser=0&hl=es&rclk=1","Collège Protestant Français","4,4","(72)","·","Escuela","·","VFRG+MP5, Madam Curie","·","Abierto","https://www.gstatic.com/images/icons/material/system_gm/2x/public_gm_blue_24dp.png","Sitio web","⋅ Cierra a las 17:30","·","+961 1 811 892","https://www.cpf.edu.lb/","https://maps.gstatic.com/consumer/images/icons/2x/ic_directions_gm_blue_24px.png","Cómo llegar"
"https://www.google.es/maps/place/Al-Mahdi+Shahed+High+School/data=!4m7!3m6!1s0x151f19e7f788fdb9:0xc08aeaa810678a06!8m2!3d33.8438493!4d35.4999818!16s%2Fg%2F11f00dzhvg!19sChIJuf2I9-cZHxURBopnEKjqisA?authuser=0&hl=es&rclk=1","Al-Mahdi Shahed High School","5,0","(13)","·","Escuela","·","RFVX+GXQ","·","+961 1 459 200","https://maps.gstatic.com/consumer/images/icons/2x/ic_directions_gm_blue_24px.png","Cómo llegar","","","","","",""
"https://www.google.es/maps/place/Red+Driving+School/data=!4m7!3m6!1s0x151f1716f68ce02d:0xf144819ddf3e4522!8m2!3d33.8768465!4d35.540512!16s%2Fg%2F11ftc6rw66!19sChIJLeCM9hYXHxURIkU-352BRPE?authuser=0&hl=es&rclk=1","Red Driving School","","","·","Escuela","·","VGGR+P6J, Horch tabet","·","+961 1 496 659","https://maps.gstatic.com/consumer/images/icons/2x/ic_directions_gm_blue_24px.png","Cómo llegar","","","","","",""
"https://www.google.es/maps/place/Sioufi+Coll%C3%A8ge+des+S%C5%93urs+des+Saints-C%C5%93urs/data=!4m7!3m6!1s0x151f16545f3112bb:0xf8d9856efcaf768f!8m2!3d33.886289!4d35.5256625!16s%2Fg%2F1thlq9s7!19sChIJuxIxX1QWHxURj3av_G6F2fg?authuser=0&hl=es&rclk=1","Sioufi Collège des Sœurs des Saints-Cœurs","4,5","(50)","·","Escuela","·","VGPG+G77","·","Cerrado","https://www.gstatic.com/images/icons/material/system_gm/2x/public_gm_blue_24dp.png","Sitio web","⋅ Apertura: 7:30 (vie)","·","+961 1 328 107","http://sioufi.sscc.edu.lb/","https://maps.gstatic.com/consumer/images/icons/2x/ic_directions_gm_blue_24px.png","Cómo llegar"
"https://www.google.es/maps/place/Coll%C3%A8ge+de+la+Sagesse+-+Saint+Elie+-+Clemenceau/data=!4m7!3m6!1s0x151f16deae2933dd:0x47c56533ac9a71f5!8m2!3d33.897686!4d35.4951133!16s%2Fg%2F11crzzyhhh!19sChIJ3TMprt4WHxUR9XGarDNlxUc?authuser=0&hl=es&rclk=1","Collège de la Sagesse - Saint Elie - Clemenceau","4,0","(7)","·","Escuela católica","·","VFXW+32H","·","·","https://maps.gstatic.com/consumer/images/icons/2x/ic_directions_gm_blue_24px.png","Cómo llegar","Cerrado","⋅ Apertura: 7:30 (vie)","+961 1 361 443","","",""
"https://www.google.es/maps/place/Lebanese+Progress+-+School/data=!4m7!3m6!1s0x151f19c7ce5140e3:0x7d5c7ee0e776af75!8m2!3d33.8322406!4d35.5102007!16s%2Fg%2F1tdwb951!19sChIJ40BRzscZHxURda925-B-XH0?authuser=0&hl=es&rclk=1","Lebanese Progress - School","4,0","(32)","·","Escuela","·","·","+961 1 474 050","","https://maps.gstatic.com/consumer/images/icons/2x/ic_directions_gm_blue_24px.png","Cómo llegar","Abierto","⋅ Cierra a las 16:30","","","",""
"https://www.google.es/maps/place/Al+Iman+Secondary+School+-+Zarif/data=!4m7!3m6!1s0x151f17265e2f2703:0xe755dba5b477a428!8m2!3d33.8911075!4d35.4916815!16s%2Fg%2F1v3g6mg5!19sChIJAycvXiYXHxURKKR3tKXbVec?authuser=0&hl=es&rclk=1","Al Iman Secondary School - Zarif","3,2","(20)","·","Centro educativo","·","VFRR+GMV","·","Cerrado","https://www.gstatic.com/images/icons/material/system_gm/2x/public_gm_blue_24dp.png","Sitio web","⋅ Apertura: 7:00 (lun)","·","+961 1 735 591","https://www.facebook.com/pg/aliman.zarif/about/","https://maps.gstatic.com/consumer/images/icons/2x/ic_directions_gm_blue_24px.png","Cómo llegar"
"https://www.google.es/maps/place/123+Autism+School/data=!4m7!3m6!1s0x151f3f92efb514d9:0x3dd0c110211a147d!8m2!3d33.8918998!4d35.5630426!16s%2Fg%2F11h7fynx60!19sChIJ2RS175I_HxURfRQaIRDB0D0?authuser=0&hl=es&rclk=1","123 Autism School","5,0","(1)","·","Escuela","·","Sarkis Group Building, Dbayeh Highway","·","","https://maps.gstatic.com/consumer/images/icons/2x/ic_directions_gm_blue_24px.png","Cómo llegar","Cerrado","⋅ Apertura: 8:00 (vie)","","","",""
"https://www.google.es/maps/place/Gutenberg+School/data=!4m7!3m6!1s0x151f181f5422e5e3:0xc9097f532393fa27!8m2!3d33.833797!4d35.544145!16s%2Fg%2F11g6ht_gj1!19sChIJ4-UiVB8YHxURJ_qTI1N_Cck?authuser=0&hl=es&rclk=1","Gutenberg School","2,0","(2)","·","Escuela","·","RGMV+GM6","·","","https://maps.gstatic.com/consumer/images/icons/2x/ic_directions_gm_blue_24px.png","Cómo llegar","Cierra pronto","⋅ 15:30 ⋅ Apertura: 8:00 (mar)","","","",""
"https://www.google.es/maps/place/%D9%85%D8%AF%D8%B1%D8%B3%D8%A9+%D8%A7%D9%84%D9%86%D8%A7%D8%B5%D8%B1%D9%8A+%D8%A7%D9%84%D8%A5%D9%86%D8%AC%D9%8A%D9%84%D9%8A%D8%A9+Nazarene+Evangelical+School%E2%80%AD/data=!4m7!3m6!1s0x151f164c7156c1ed:0x909f08fdacf35a7b!8m2!3d33.882762!4d35.5380534!16s%2Fg%2F1tfj5qkg!19sChIJ7cFWcUwWHxURe1rzrP0In5A?authuser=0&hl=es&rclk=1","مدرسة الناصري الإنجيلية Nazarene Evangelical School","4,3","(12)","·","Escuela","·","·","+961 1 480 316","Cerrado","https://www.gstatic.com/images/icons/material/system_gm/2x/public_gm_blue_24dp.png","Sitio web","⋅ Apertura: 6:30 (vie)","","","https://www.facebook.com/neslebanon/","https://maps.gstatic.com/consumer/images/icons/2x/ic_directions_gm_blue_24px.png","Cómo llegar"
"https://www.google.es/maps/place/Ashbal+El+Sahel+High+School/data=!4m7!3m6!1s0x151f176391552833:0x2ddd9acf8e0d444d!8m2!3d33.8545359!4d35.5072974!16s%2Fg%2F11f2tjlj2x!19sChIJMyhVkWMXHxURTUQNjs-a3S0?authuser=0&hl=es&rclk=1","Ashbal El Sahel High School","4,8","(4)","·","Escuela","·","VG34+RW7","·","","https://www.gstatic.com/images/icons/material/system_gm/2x/public_gm_blue_24dp.png","Sitio web","","+961 1 272 292","","https://www.facebook.com/Ashbal-El-Sahel-High-School-177107082497098/","https://maps.gstatic.com/consumer/images/icons/2x/ic_directions_gm_blue_24px.png","Cómo llegar"